camera_name,status,gif_path,city,lat,lng,lat_cam,lng_cam,audit_name,first_audit,timelapse_detail,battery_pct,charging,not_charging_daylight_h,connection,connection_since,last_connected,last_disconnected,last_charged,last_recording,timelapse,timelapse_since,color_mode,color_since,audit_time,issues
Irvington 1-Madison Ave,online,gifs/Irvington_1-Madison_Ave.gif,Irvington,40.7233,-74.2358,40.733497,-74.232481,Irvington 1-Madison Ave,2026-10-08T12:46:36,1 min interval / Clear / Photo / 12:00 a.m. - 11:59 p.m. / no end time,62,no,28.45,connected,2026-10-08T12:46:36,2026-10-10T21:01:06,2026-10-10T18:02:11,,2026-10-10T21:00:42,on,2026-10-08T12:46:36,color,2026-10-08T12:46:36,2026-10-10T21:00:42,charging
Irvington 2-Clinton Ave,online,gifs/Irvington_2-Clinton_Ave.gif,Irvington,40.7233,-74.2358,40.728708,-74.233603,Irvington 2-Clinton Ave,2026-10-08T12:46:57,1 min interval / Clear / Photo / 12:00 a.m. - 11:59 p.m. / no end time,100,assumed,0.0,connected,2026-10-08T12:46:57,2026-10-10T21:01:28,2026-10-10T18:03:38,2026-10-10T21:01:06,2026-10-10T21:01:06,on,2026-10-08T12:46:57,color,2026-10-08T12:46:57,2026-10-10T21:01:06,
Irvington 3-Lyons Ave,online,gifs/Irvington_3-Lyons_Ave.gif,Irvington,40.7233,-74.2358,40.722369,-74.234769,Irvington 3-Lyons Ave,2026-10-08T12:47:20,1 min interval / Clear / Photo / 12:00 a.m. - 11:59 p.m. / no end time,100,assumed,0.0,connected,2026-10-08T12:47:20,2026-10-10T21:01:54,2026-10-10T18:05:06,2026-10-10T21:01:28,2026-10-10T21:01:28,on,2026-10-08T12:47:20,color,2026-10-08T12:47:20,2026-10-10T21:01:28,
Irvington 4-40 Yale Ave,online,gifs/Irvington_4-40_Yale_Ave.gif,Irvington,40.7233,-74.2358,40.719039,-74.237442,Irvington 4-40 Yale Ave,2026-10-08T12:47:41,1 min interval / Clear / Photo / 12:00 a.m. - 11:59 p.m. / no end time,90,no,0.0,connected,2026-10-08T12:47:41,2026-10-10T21:02:18,2026-10-10T18:06:33,2026-10-10T17:01:56,2026-10-10T21:01:54,on,2026-10-08T12:47:41,color,2026-10-08T12:47:41,2026-10-10T21:01:54,
Irvington 5-Chancellor Park,online,gifs/Irvington_5-Chancellor_Park.gif,Irvington,40.7233,-74.2358,40.712944,-74.240783,Irvington 5-Chancellor Park,2026-10-08T12:48:03,1 min interval / Clear / Photo / 12:00 a.m. - 11:59 p.m. / no end time,93,no,0.0,connected,2026-10-08T12:48:03,2026-10-10T21:02:41,2026-10-10T18:08:00,2026-10-10T17:02:21,2026-10-10T21:02:18,on,2026-10-08T12:48:03,color,2026-10-08T12:48:03,2026-10-10T21:02:18,
Woodland Park 1 - McBrideAve,online,gifs/Woodland_Park_1-McBrideAve.gif,Woodland Park,40.8893,-74.1946,40.893597,-74.202344,Woodland Park 1-McBrideAve,2026-10-08T12:48:23,1 min interval / Clear / Photo / 12:00 a.m. - 11:59 p.m. / no end time,100,assumed,0.0,connected,2026-10-08T12:48:23,2026-10-10T21:03:06,2026-10-10T18:09:27,2026-10-10T21:02:42,2026-10-10T21:02:42,on,2026-10-08T12:48:23,color,2026-10-08T12:48:23,2026-10-10T21:02:42,
Woodland Park 2 - Lackawanna Ave,online,gifs/Woodland_Park_2_-Lackawanna_Ave.gif,Woodland Park,40.8893,-74.1946,40.888039,-74.207958,Woodland Park 2 -Lackawanna Ave,2026-10-08T12:48:46,1 min interval / Clear / Photo / 12:00 a.m. - 11:59 p.m. / no end time,100,assumed,0.0,connected,2026-10-08T12:48:46,2026-10-10T21:03:28,2026-10-10T18:10:54,2026-10-10T21:03:06,2026-10-10T21:03:06,on,2026-10-08T12:48:46,color,2026-10-08T12:48:46,2026-10-10T21:03:06,
Woodland Park 4 - Andrews Dr,online,gifs/Woodland_Park_4-Andrews_Dr.gif,Woodland Park,40.8893,-74.1946,40.887183,-74.214528,Woodland Park 4-Andrews Dr,2026-10-08T12:49:08,1 min interval / Clear / Photo / 12:00 a.m. - 11:59 p.m. / no end time,100,assumed,0.0,connected,2026-10-08T12:49:08,2026-10-10T21:03:52,2026-10-10T18:12:21,2026-10-10T21:03:29,2026-10-10T21:03:29,on,2026-10-08T12:49:08,color,2026-10-08T12:49:08,2026-10-10T21:03:29,
Woodland Park 6 - Memorial Drive,online,gifs/Woodland_Park_6-Memorial_Drive.gif,Woodland Park,40.8893,-74.1946,40.892281,-74.209694,Woodland Park 6-Memorial Drive,2026-10-08T12:49:27,1 min interval / Clear / Photo / 12:00 a.m. - 11:59 p.m. / no end time,100,assumed,0.0,connected,2026-10-08T12:49:27,2026-10-10T21:04:16,2026-10-10T18:13:48,2026-10-10T21:03:52,2026-10-10T21:03:52,on,2026-10-08T12:49:27,color,2026-10-08T12:49:27,2026-10-10T21:03:52,
Woodland Park 7 - Hromiak Terrace,online,gifs/Woodland_Park_7-Hromiak_Terrace.gif,Woodland Park,40.8893,-74.1946,40.890111,-74.206736,Woodland Park 7-Hromiak Terrace,2026-10-08T12:49:52,1 min interval / Clear / Photo / 12:00 a.m. - 11:59 p.m. / no end time,58,no,0.0,connected,2026-10-09T18:04:19,2026-10-10T21:04:43,2026-10-10T18:15:19,2026-10-10T17:04:22,2026-10-10T21:04:20,on,2026-10-08T12:49:52,color,2026-10-08T12:49:52,2026-10-10T21:04:20,
Cedar Grove 1 - Briarhill Rd,online,gifs/Cedar_Grove_1_-_Briarhill_Rd.gif,Cedar Grove,40.8579,-74.2296,40.861436,-74.226236,Cedar Grove 1 - Briarhill Rd,2026-10-08T12:50:22,1 min interval / Clear / Photo / 12:00 a.m. - 11:59 p.m. / no end time,100,assumed,0.0,connected,2026-10-08T12:50:22,2026-10-10T21:05:07,2026-10-10T18:16:46,2026-10-10T21:04:43,2026-10-10T21:04:43,on,2026-10-08T12:50:22,color,2026-10-08T12:50:22,2026-10-10T21:04:43,
Cedar Grove 2 - Community park,online,gifs/Cedar_Grove_2_-Community_park.gif,Cedar Grove,40.8579,-74.2296,40.861436,-74.226236,Cedar Grove 2 -Community park,2026-10-08T12:50:42,1 min interval / Clear / Photo / 12:00 a.m. - 11:59 p.m. / no end time,99,no,0.0,connected,2026-10-08T12:50:42,2026-10-10T21:05:42,2026-10-10T18:18:13,2026-10-10T20:05:19,2026-10-10T21:05:07,on,2026-10-08T12:50:42,color,2026-10-08T13:17:31,2026-10-10T21:05:07,
Cedar Grove 3 - 653 Pompton Ave,online,gifs/Cedar_Grove_3_-_653_Pompton_Ave.gif,Cedar Grove,40.8579,-74.2296,40.854572,-74.229431,Cedar Grove 3 - 653 Pompton Ave,2026-10-08T12:51:12,1 min interval / Clear / Photo / 12:00 a.m. - 11:59 p.m. / no end time,100,assumed,0.0,connected,2026-10-08T12:51:12,2026-10-10T21:06:08,2026-10-10T18:19:40,2026-10-10T21:05:43,2026-10-10T21:05:43,on,2026-10-08T12:51:12,color,2026-10-08T12:51:12,2026-10-10T21:05:43,
Cedar Grove 4 - 13 Commerce Rd,online,gifs/Cedar_Grove_4_-13_Commerce_Rd.gif,Cedar Grove,40.8579,-74.2296,40.864972,-74.224478,Cedar Grove 4 -13 Commerce Rd,2026-10-08T12:51:36,1 min interval / Clear / Photo / 12:00 a.m. - 11:59 p.m. / no end time,100,assumed,0.0,connected,2026-10-08T12:51:36,2026-10-10T21:06:31,2026-10-10T18:21:08,2026-10-10T21:06:08,2026-10-10T21:06:08,on,2026-10-08T12:51:36,color,2026-10-08T12:51:36,2026-10-10T21:06:08,
Cedar Grove 6 - 525 Pompton Ave,online,gifs/Cedar_Grove_6_-_525_Pompton_Ave.gif,Cedar Grove,40.8579,-74.2296,40.84935,-74.222947,Cedar Grove 6 - 525 Pompton Ave,2026-10-08T12:51:58,1 min interval / Clear / Photo / 12:00 a.m. - 11:59 p.m. / no end time,100,assumed,0.0,connected,2026-10-08T12:51:58,2026-10-10T21:06:56,2026-10-10T18:22:35,2026-10-10T21:06:31,2026-10-10T21:06:31,on,2026-10-08T12:51:58,color,2026-10-08T12:51:58,2026-10-10T21:06:31,
Scotch Plains 1 - TD Bank,online,gifs/Scotch_Plains1-TD_Bank.gif,Scotch Plains,40.6554,-74.3899,40.652886,-74.401258,Scotch Plains1-TD Bank,2026-10-08T12:52:19,1 min interval / Clear / Photo / 12:00 a.m. - 11:59 p.m. / no end time,100,assumed,0.0,connected,2026-10-08T12:52:19,2026-10-10T21:07:23,2026-10-10T18:24:02,2026-10-10T21:06:56,2026-10-10T21:06:56,on,2026-10-08T12:52:19,color,2026-10-08T12:52:19,2026-10-10T21:06:56,
Scotch Plains 2 - Senger Pl,online,gifs/Scotch_Plains_2-_Senger_Pl.gif,Scotch Plains,40.6554,-74.3899,40.6501,-74.399272,Scotch Plains 2- Senger Pl,2026-10-08T12:52:40,1 min interval / Clear / Photo / 12:00 a.m. - 11:59 p.m. / no end time,100,assumed,0.0,connected,2026-10-08T12:52:40,2026-10-10T21:07:50,2026-10-10T18:25:30,2026-10-10T21:07:24,2026-10-10T21:07:24,on,2026-10-08T12:52:40,color,2026-10-08T12:52:40,2026-10-10T21:07:24,
Scotch Plains 3 - East Second St,online,gifs/Scotch_Plains_3-East_Second_St.gif,Scotch Plains,40.6554,-74.3899,40.649633,-74.39665,Scotch Plains 3-East Second St,2026-10-08T12:53:03,1 min interval / Clear / Photo / 12:00 a.m. - 11:59 p.m. / no end time,100,assumed,0.0,connected,2026-10-08T12:53:03,2026-10-10T21:08:14,2026-10-10T18:26:57,2026-10-10T21:07:50,2026-10-10T21:07:50,on,2026-10-08T12:53:03,color,2026-10-08T12:53:03,2026-10-10T21:07:50,
Little Falls 1 - LindsleyRd-CGRd,online,gifs/Little_Falls_1-LindsleyRd-CGRd.gif,Little Falls,40.8826,-74.2293,40.872125,-74.222283,Little Falls 1-LindsleyRd-CGRd,2026-10-08T12:53:25,1 min interval / Clear / Photo / 12:00 a.m. - 11:59 p.m. / no end time,100,assumed,0.0,connected,2026-10-08T12:53:25,2026-10-10T21:08:41,2026-10-10T18:28:27,2026-10-10T21:08:17,2026-10-10T21:08:17,on,2026-10-08T12:53:25,color,2026-10-08T12:53:25,2026-10-10T21:08:17,
Little Falls 2 - E Main St,online,gifs/Little_Falls_2_-_E_Main_St.gif,Little Falls,40.8826,-74.2293,40.878019,-74.219467,Little Falls 2 - E Main St,2026-10-08T12:53:50,1 min interval / Clear / Photo / 12:00 a.m. - 11:59 p.m. / no end time,100,assumed,0.0,connected,2026-10-09T18:08:31,2026-10-10T21:09:06,2026-10-10T18:29:55,2026-10-10T21:08:42,2026-10-10T21:08:42,on,2026-10-08T12:53:50,color,2026-10-08T12:53:50,2026-10-10T21:08:42,
Little Falls 3 - DPW Yard,online,gifs/Little_Falls_3-DPW_Yard.gif,Little Falls,40.8826,-74.2293,40.884669,-74.218119,Little Falls 3-DPW Yard,2026-10-08T12:54:10,1 min interval / Clear / Photo / 12:00 a.m. - 11:59 p.m. / no end time,100,assumed,0.0,connected,2026-10-08T12:54:10,2026-10-10T21:09:29,2026-10-10T18:31:22,2026-10-10T21:09:06,2026-10-10T21:09:06,on,2026-10-08T12:54:10,color,2026-10-08T12:54:10,2026-10-10T21:09:06,
Little Falls 4 - WilliamsStDairySt,online,gifs/Little_Falls4-WilliamsStDairySt.gif,Little Falls,40.8826,-74.2293,40.888675,-74.242211,Little Falls4-WilliamsStDairySt,2026-10-08T12:54:33,1 min interval / Clear / Photo / 12:00 a.m. - 11:59 p.m. / no end time,100,assumed,0.0,connected,2026-10-10T04:09:44,2026-10-10T21:09:54,2026-10-10T18:32:49,2026-10-10T21:09:29,2026-10-10T21:09:29,on,2026-10-08T12:54:33,color,2026-10-08T12:54:33,2026-10-10T21:09:29,
Westwood 1 - Westwood Plaza,online,gifs/Westwood_1_-_Westwood_Plaza.gif,Westwood,40.9918,-74.0324,40.997439,-74.040164,Westwood 1 - Westwood Plaza,2026-10-08T12:54:56,1 min interval / Clear / Photo / 12:00 a.m. - 11:59 p.m. / no end time,100,assumed,0.0,connected,2026-10-08T12:54:56,2026-10-10T21:10:28,2026-10-10T18:34:17,2026-10-10T21:09:55,2026-10-10T21:09:55,on,2026-10-08T12:54:56,color,2026-10-08T12:54:56,2026-10-10T21:09:55,
Westwood 2 - Fairview Ave,online,gifs/Westwood_2_-_Fairview_Ave.gif,Westwood,40.9918,-74.0324,40.998861,-74.035444,Westwood 2 - Fairview Ave,2026-10-08T12:55:18,1 min interval / Clear / Photo / 12:00 a.m. - 11:59 p.m. / no end time,100,assumed,0.0,connected,2026-10-08T12:55:18,2026-10-10T21:10:52,2026-10-10T18:35:44,2026-10-10T21:10:29,2026-10-10T21:10:29,on,2026-10-08T12:55:18,color,2026-10-08T12:55:18,2026-10-10T21:10:29,
Westwood 3 - Brookside Park,online,gifs/Westwood_3_-_Brookside_Park.gif,Westwood,40.9918,-74.0324,40.998508,-74.030147,Westwood 3 - Brookside Park,2026-10-08T12:55:38,1 min interval / Clear / Photo / 12:00 a.m. - 11:59 p.m. / no end time,100,assumed,0.0,connected,2026-10-08T12:55:38,2026-10-10T21:11:16,2026-10-10T18:37:12,2026-10-10T21:10:53,2026-10-10T21:10:53,on,2026-10-08T12:55:38,color,2026-10-08T12:55:38,2026-10-10T21:10:53,
Westwood 4 - Bridge By DPW,online,gifs/Westwood_4_-_Bridge_By_DPW.gif,Westwood,40.9918,-74.0324,40.992925,-74.020758,Westwood 4 - Bridge By DPW,2026-10-08T12:55:59,1 min interval / Clear / Photo / 12:00 a.m. - 11:59 p.m. / no end time,100,assumed,0.0,connected,2026-10-08T12:55:59,2026-10-10T21:11:41,2026-10-10T18:38:39,2026-10-10T21:11:16,2026-10-10T21:11:16,on,2026-10-08T12:55:59,color,2026-10-08T12:55:59,2026-10-10T21:11:16,
Verona 1 - E Ried Pl,online,gifs/Verona_1_-_E_Ried_Pl.gif,Verona,40.829,-74.2399,40.825511,-74.240106,Verona 1 - E Ried Pl,2026-10-08T12:56:21,1 min interval / Clear / Photo / 12:00 a.m. - 11:59 p.m. / no end time,60,no,0.0,connected,2026-10-08T12:56:21,2026-10-10T21:12:07,2026-10-10T18:40:06,2026-10-10T17:12:15,2026-10-10T21:11:41,on,2026-10-08T12:56:21,color,2026-10-08T12:56:21,2026-10-10T21:11:41,
Verona 2 - Bloomfield Ave,online,gifs/Verona_2_-_Bloomfield_Ave.gif,Verona,40.829,-74.2399,40.831219,-74.244,Verona 2 - Bloomfield Ave,2026-10-08T12:56:45,1 min interval / Clear / Photo / 12:00 a.m. - 11:59 p.m. / no end time,100,assumed,0.0,connected,2026-10-08T12:56:45,2026-10-10T21:12:35,2026-10-10T18:41:36,2026-10-10T21:12:10,2026-10-10T21:12:10,on,2026-10-09T16:12:46,color,2026-10-08T12:56:45,2026-10-10T21:12:10,
Verona 3 - Franklin St,online,gifs/Verona_3_-_Franklin_St.gif,Verona,40.829,-74.2399,40.836011,-74.242578,Verona 3 - Franklin St,2026-10-08T12:57:07,1 min interval / Clear / Photo / 12:00 a.m. - 11:59 p.m. / no end time,100,assumed,0.0,connected,2026-10-08T12:57:07,2026-10-10T21:12:59,2026-10-10T18:43:03,2026-10-10T21:12:35,2026-10-10T21:12:35,on,2026-10-08T12:57:07,color,2026-10-08T12:57:07,2026-10-10T21:12:35,
Verona 4 - Ozone ave,online,gifs/Verona_4_-_Ozone_ave.gif,Verona,40.829,-74.2399,40.844939,-74.235189,Verona 4 - Ozone ave,2026-10-08T12:57:27,1 min interval / Clear / Photo / 12:00 a.m. - 11:59 p.m. / no end time,100,assumed,0.0,connected,2026-10-08T12:57:27,2026-10-10T21:13:25,2026-10-10T18:44:30,2026-10-10T21:12:59,2026-10-10T21:12:59,on,2026-10-08T12:57:27,color,2026-10-08T12:57:27,2026-10-10T21:12:59,
Paterson 2 - 5th Ave and E 6th St,online,gifs/Paterson_2-5th_Ave_and_E_6th_St.gif,Paterson,40.9168,-74.1718,40.936122,-74.161739,Paterson 2-5th Ave and E 6th St,2026-10-08T12:57:47,1 min interval / Clear / Photo / 12:00 a.m. - 11:59 p.m. / no end time,100,assumed,0.0,connected,2026-10-08T12:57:47,2026-10-10T21:13:49,2026-10-10T18:45:57,2026-10-10T21:13:25,2026-10-10T21:13:25,on,2026-10-08T12:57:47,color,2026-10-08T12:57:47,2026-10-10T21:13:25,
Paterson 3 - 11th Ave and East25th,online,gifs/Paterson3-11th_Ave_and_East25th.gif,Paterson,40.9168,-74.1718,40.921817,-74.148856,Paterson3-11th Ave and East25th,2026-10-08T12:58:09,1 min interval / Clear / Photo / 12:00 a.m. - 11:59 p.m. / no end time,100,assumed,0.0,connected,2026-10-08T12:58:09,2026-10-10T21:14:15,2026-10-10T18:47:25,2026-10-10T21:13:49,2026-10-10T21:13:49,on,2026-10-08T12:58:09,color,2026-10-08T12:58:09,2026-10-10T21:13:49,
Paterson 4 - Getty ave,online,gifs/Paterson_4-Getty_ave.gif,Paterson,40.9168,-74.1718,40.902769,-74.164011,Paterson 4-Getty ave,2026-10-08T12:58:29,1 min interval / Clear / Photo / 12:00 a.m. - 11:59 p.m. / no end time,100,assumed,0.0,connected,2026-10-08T12:58:29,2026-10-10T21:14:39,2026-10-10T18:48:52,2026-10-10T21:14:15,2026-10-10T21:14:15,on,2026-10-08T12:58:29,color,2026-10-08T12:58:29,2026-10-10T21:14:15,
Paterson 5 - Stout Street,online,gifs/Paterson_5_-_Stout_Street.gif,Paterson,40.9168,-74.1718,40.902769,-74.164011,Paterson 5 - Stout Street,2026-10-08T12:58:51,1 min interval / Clear / Photo / 12:00 a.m. - 11:59 p.m. / no end time,100,assumed,0.0,connected,2026-10-08T12:58:51,2026-10-10T21:15:49,2026-10-10T18:50:19,2026-10-10T21:14:39,2026-10-10T21:14:39,on,2026-10-08T13:18:30,color,2026-10-08T15:35:21,2026-10-10T21:14:39,
Leonia 1 - Broad ave,online,gifs/Leonia_1_-_Broad_ave.gif,Leonia,40.8617,-73.9879,40.864203,-73.986283,Leonia 1 - Broad ave,2026-10-08T12:59:29,1 min interval / Clear / Photo / 12:00 a.m. - 11:59 p.m. / no end time,100,assumed,0.0,connected,2026-10-08T12:59:29,2026-10-10T21:16:12,2026-10-10T18:51:46,2026-10-10T21:15:49,2026-10-10T21:15:49,on,2026-10-08T12:59:29,color,2026-10-08T12:59:29,2026-10-10T21:15:49,
Leonia 2 - Church Calvert,online,gifs/Leonia_2_-_Church_Calvert.gif,Leonia,40.8617,-73.9879,40.865008,-73.986897,Leonia 2 - Church Calvert,2026-10-08T12:59:50,1 min interval / Clear / Photo / 12:00 a.m. - 11:59 p.m. / no end time,100,assumed,0.0,connected,2026-10-08T12:59:50,2026-10-10T21:16:34,2026-10-10T18:53:13,2026-10-10T21:16:12,2026-10-10T21:16:12,on,2026-10-08T12:59:50,color,2026-10-08T13:19:21,2026-10-10T21:16:12,
Leonia 3 - Broad ave East,online,gifs/Leonia_3_-_Broad_ave_East.gif,Leonia,40.8617,-73.9879,40.864186,-73.986039,Leonia 3 - Broad ave East,2026-10-08T13:00:17,1 min interval / Clear / Photo / 12:00 a.m. - 11:59 p.m. / no end time,100,assumed,0.0,connected,2026-10-08T13:00:17,2026-10-10T21:17:02,2026-10-10T18:54:44,2026-10-10T21:16:38,2026-10-10T21:16:38,on,2026-10-08T13:00:17,color,2026-10-08T13:00:17,2026-10-10T21:16:38,
Englewood 1 - Hamilton Ave,online,gifs/Englewood_1_-_Hamilton_Ave.gif,Englewood,40.8945,-73.9749,40.902442,-73.972092,Englewood 1 - Hamilton Ave,2026-10-08T13:00:38,1 min interval / Clear / Photo / 12:00 a.m. - 11:59 p.m. / no end time,100,assumed,0.0,connected,2026-10-08T13:00:38,2026-10-10T21:17:25,2026-10-10T18:56:11,2026-10-10T21:17:02,2026-10-10T21:17:02,on,2026-10-08T13:00:38,color,2026-10-08T13:00:38,2026-10-10T21:17:02,
Englewood 2 - Forest Ave,online,gifs/Englewood_2_-_Forest_Ave.gif,Englewood,40.8945,-73.9749,40.887942,-73.984992,Englewood 2 - Forest Ave,2026-10-08T13:00:59,1 min interval / Clear / Photo / 12:00 a.m. - 11:59 p.m. / no end time,17,no,0.0,connected,2026-10-08T13:00:59,2026-10-10T21:17:49,2026-10-10T18:57:38,2026-10-10T17:17:42,2026-10-10T21:17:25,on,2026-10-08T13:00:59,color,2026-10-08T13:00:59,2026-10-10T21:17:25,battery
Englewood 3 - Wilbur Street,online,gifs/Englewood_3_-_Wilbur_Street.gif,Englewood,40.8945,-73.9749,40.895069,-73.985061,Englewood 3 - Wilbur Street,2026-10-08T13:01:22,1 min interval / Clear / Photo / 12:00 a.m. - 11:59 p.m. / no end time,100,assumed,0.0,connected,2026-10-09T13:18:08,2026-10-10T21:18:14,2026-10-10T18:59:05,2026-10-10T21:17:49,2026-10-10T21:17:49,on,2026-10-08T22:18:08,color,2026-10-09T16:18:29,2026-10-10T21:17:49,
Englewood 5 - Crystal Lake,online,gifs/Englewood_5_-_Crystal_Lake.gif,Englewood,40.8945,-73.9749,40.896939,-73.974433,Englewood 5 - Crystal Lake,2026-10-08T13:02:05,1 min interval / Clear / Photo / 12:00 a.m. - 11:59 p.m. / no end time,100,assumed,0.0,connected,2026-10-08T13:02:05,2026-10-10T21:18:38,2026-10-10T19:00:32,2026-10-10T21:18:14,2026-10-10T21:18:14,on,2026-10-08T13:02:05,color,2026-10-08T13:02:05,2026-10-10T21:18:14,
Rahway 1 - Jefferson Ave,online,gifs/Rahway_1_-_Jefferson_Ave.gif,Rahway,40.6082,-74.2776,40.608358,-74.290656,Rahway 1 - Jefferson Ave,2026-10-08T13:02:26,1 min interval / Clear / Photo / 12:00 a.m. - 11:59 p.m. / no end time,100,assumed,0.0,connected,2026-10-08T13:02:26,2026-10-10T21:19:02,2026-10-10T19:01:59,2026-10-10T21:18:38,2026-10-10T21:18:38,on,2026-10-08T13:02:26,color,2026-10-08T13:02:26,2026-10-10T21:18:38,
Rahway 2 - Minor bridge,online,gifs/Rahway_2_-_Minor_bridge.gif,Rahway,40.6082,-74.2776,40.598872,-74.294653,Rahway 2 - Minor bridge,2026-10-08T13:02:47,1 min interval / Clear / Photo / 12:00 a.m. - 11:59 p.m. / no end time,48,no,0.0,connected,2026-10-08T13:02:47,2026-10-10T21:19:26,2026-10-10T19:03:26,2026-10-10T17:19:19,2026-10-10T21:19:03,on,2026-10-08T13:02:47,color,2026-10-08T13:02:47,2026-10-10T21:19:03,
Rahway 3 - St George Ave,online,gifs/Rahway_3_-_St_George_Ave.gif,Rahway,40.6082,-74.2776,40.595214,-74.289797,Rahway 3 - St George Ave,2026-10-08T13:03:08,1 min interval / Clear / Photo / 12:00 a.m. - 11:59 p.m. / no end time,100,assumed,0.0,connected,2026-10-08T13:03:08,2026-10-10T21:19:52,2026-10-10T19:04:54,2026-10-10T21:19:26,2026-10-10T21:19:26,on,2026-10-08T13:03:08,color,2026-10-08T13:03:08,2026-10-10T21:19:26,
Rahway 4 - NB Ave and George Ave,online,gifs/Rahway_4-NB_Ave_and_George_Ave.gif,Rahway,40.6082,-74.2776,40.593653,-74.290706,Rahway 4-NB Ave and George Ave,2026-10-08T13:03:27,1 min interval / Clear / Photo / 12:00 a.m. - 11:59 p.m. / no end time,100,assumed,0.0,connected,2026-10-08T13:03:27,2026-10-10T21:20:18,2026-10-10T19:06:22,2026-10-10T21:19:52,2026-10-10T21:19:52,on,2026-10-08T13:03:27,color,2026-10-08T13:03:27,2026-10-10T21:19:52,
Rahway 5 - E Hazelwood Ave,online,gifs/Rahway_5_-_E_Hazelwood_Ave.gif,Rahway,40.6082,-74.2776,40.600203,-74.274386,Rahway 5 - E Hazelwood Ave,2026-10-08T13:03:56,1 min interval / Clear / Photo / 12:00 a.m. - 11:59 p.m. / no end time,100,assumed,0.0,connected,2026-10-08T13:03:56,2026-10-10T21:20:44,2026-10-10T19:07:52,2026-10-10T21:20:21,2026-10-10T21:20:21,on,2026-10-08T13:03:56,color,2026-10-08T13:03:56,2026-10-10T21:20:21,
Plainfield 1 - East Front Street,online,gifs/Plainfield_1-East_Front_Street.gif,Plainfield,40.6337,-74.4074,40.639322,-74.408544,Plainfield 1-East Front Street,2026-10-08T13:04:19,1 min interval / Clear / Photo / 12:00 a.m. - 11:59 p.m. / no end time,100,assumed,0.0,connected,2026-10-08T13:04:19,2026-10-10T21:21:08,2026-10-10T19:09:19,2026-10-10T21:20:44,2026-10-10T21:20:44,on,2026-10-08T13:04:19,color,2026-10-08T13:04:19,2026-10-10T21:20:44,
Plainfield 2 - Netherwood Ave,online,gifs/Plainfield_2_-_Netherwood_Ave.gif,Plainfield,40.6337,-74.4074,40.634658,-74.412997,Plainfield 2 - Netherwood Ave,2026-10-08T13:04:39,1 min interval / Clear / Photo / 12:00 a.m. - 11:59 p.m. / no end time,100,assumed,0.0,connected,2026-10-08T13:04:39,2026-10-10T21:21:31,2026-10-10T19:10:46,2026-10-10T21:21:09,2026-10-10T21:21:09,on,2026-10-08T13:04:39,color,2026-10-08T13:04:39,2026-10-10T21:21:09,
Plainfield 3 - Watchung Ave,online,gifs/Plainfield_3_-_Watchung_Ave.gif,Plainfield,40.6337,-74.4074,40.618911,-74.419831,Plainfield 3 - Watchung Ave,2026-10-08T13:05:00,1 min interval / Clear / Photo / 12:00 a.m. - 11:59 p.m. / no end time,13,no,0.0,connected,2026-10-10T11:22:14,2026-10-10T21:21:58,2026-10-10T19:12:13,2026-10-10T17:21:51,2026-10-10T21:21:31,on,2026-10-08T13:05:00,color,2026-10-08T13:05:00,2026-10-10T21:21:31,battery
Plainfield 4 - Stelle Ave,online,gifs/Plainfield_4_-_Stelle_Ave.gif,Plainfield,40.6337,-74.4074,40.608708,-74.413053,Plainfield 4 - Stelle Ave,2026-10-08T13:05:22,1 min interval / Clear / Photo / 12:00 a.m. - 11:59 p.m. / no end time,100,assumed,0.0,connected,2026-10-08T13:05:22,2026-10-10T21:22:22,2026-10-10T19:13:41,2026-10-10T21:21:58,2026-10-10T21:21:58,on,2026-10-08T13:05:22,color,2026-10-08T13:05:22,2026-10-10T21:21:58,
Plainfield 5 - Leland Ave,online,gifs/Plainfield_5_-_Leland_Ave.gif,Plainfield,40.6337,-74.4074,40.637158,-74.414161,Plainfield 5 - Leland Ave,2026-10-08T13:05:43,1 min interval / Clear / Photo / 12:00 a.m. - 11:59 p.m. / no end time,100,assumed,0.0,connected,2026-10-08T13:05:43,2026-10-10T21:22:47,2026-10-10T19:15:08,2026-10-10T21:22:22,2026-10-10T21:22:22,on,2026-10-08T13:05:43,color,2026-10-08T13:05:43,2026-10-10T21:22:22,
Plainfield 6 - Milton Park,online,gifs/Plainfield_6_-_Milton_Park.gif,Plainfield,40.6337,-74.4074,40.636,-74.403447,Plainfield 6 - Milton Park,2026-10-08T13:06:06,1 min interval / Clear / Photo / 12:00 a.m. - 11:59 p.m. / no end time,100,assumed,0.0,connected,2026-10-08T13:06:06,2026-10-10T21:23:10,2026-10-10T19:16:35,2026-10-10T21:22:47,2026-10-10T21:22:47,on,2026-10-08T13:06:06,color,2026-10-08T13:06:06,2026-10-10T21:22:47,
Plainfield 7 - Randolph Road,online,gifs/Plainfield_7_-_Randolph_Road.gif,Plainfield,40.6337,-74.4074,40.636,-74.403447,Plainfield 7 - Randolph Road,2026-10-08T13:06:26,1 min interval / Clear / Photo / 12:00 a.m. - 11:59 p.m. / no end time,100,assumed,0.0,connected,2026-10-09T14:23:50,2026-10-10T21:23:45,2026-10-10T19:18:02,2026-10-10T21:23:10,2026-10-10T21:23:10,on,2026-10-08T13:06:26,color,2026-10-08T13:06:26,2026-10-10T21:23:10,
Totowa 1 - Lincoln Ave and Union,online,gifs/Totowa_1-Lincoln_Ave_and_Union.gif,Totowa,40.8951,-74.2242,40.908653,-74.204147,Totowa 1-Lincoln Ave and Union,2026-10-08T13:06:55,1 min interval / Clear / Photo / 12:00 a.m. - 11:59 p.m. / no end time,100,assumed,0.0,connected,2026-10-08T13:06:55,2026-10-10T21:24:11,2026-10-10T19:19:30,2026-10-10T21:23:45,2026-10-10T21:23:45,on,2026-10-08T13:06:55,color,2026-10-08T13:20:33,2026-10-10T21:23:45,
Totowa 2 - Jefferson Pl,online,gifs/Totowa_2_-_Jefferson_Pl.gif,Totowa,40.8951,-74.2242,40.907353,-74.205203,Totowa 2 - Jefferson Pl,2026-10-08T13:07:25,1 min interval / Clear / Photo / 12:00 a.m. - 11:59 p.m. / no end time,100,assumed,0.0,connected,2026-10-08T13:07:25,2026-10-10T21:24:42,2026-10-10T19:21:05,2026-10-10T21:24:19,2026-10-10T21:24:19,on,2026-10-08T13:07:25,color,2026-10-08T13:21:02,2026-10-10T21:24:19,
Totowa 3 - Riverside Dr,online,gifs/Totowa_3_-_Riverside_Dr.gif,Totowa,40.8951,-74.2242,40.888417,-74.222778,Totowa 3 - Riverside Dr,2026-10-08T13:08:02,1 min interval / Clear / Photo / 12:00 a.m. - 11:59 p.m. / no end time,100,assumed,0.0,connected,2026-10-08T13:08:02,2026-10-10T21:25:11,2026-10-10T19:22:32,2026-10-10T21:24:43,2026-10-10T21:24:43,on,2026-10-08T13:08:02,color,2026-10-08T13:21:23,2026-10-10T21:24:43,
Totowa 4 - Riverside Dr Riverview,online,gifs/Totowa_4-Riverside_Dr_Riverview.gif,Totowa,40.8951,-74.2242,40.890858,-74.220192,Totowa 4-Riverside Dr Riverview,2026-10-08T13:08:38,1 min interval / Clear / Photo / 12:00 a.m. - 11:59 p.m. / no end time,100,assumed,0.0,connected,2026-10-10T03:26:10,2026-10-10T21:25:34,2026-10-10T19:24:00,2026-10-10T21:25:11,2026-10-10T21:25:11,on,2026-10-08T13:08:38,color,2026-10-08T13:21:46,2026-10-10T21:25:11,
Totowa 5 - Vreeland Ave,online,gifs/Totowa_5-Vreeland_Ave.gif,Totowa,40.8951,-74.2242,40.902389,-74.237389,Totowa 5-Vreeland Ave,2026-10-08T13:09:16,1 min interval / Clear / Photo / 12:00 a.m. - 11:59 p.m. / no end time,100,assumed,0.0,connected,2026-10-08T13:09:16,2026-10-10T21:25:59,2026-10-10T19:25:27,2026-10-10T21:25:34,2026-10-10T21:25:34,on,2026-10-08T13:09:16,color,2026-10-08T13:22:08,2026-10-10T21:25:34,
Dover 1 - Blackwell St,online,gifs/Dover_1_-_Blackwell_St.gif,Dover,40.8879,-74.5561,40.885431,-74.546858,Dover 1 - Blackwell St,2026-10-08T13:09:53,1 min interval / Clear / Photo / 12:00 a.m. - 11:59 p.m. / no end time,100,assumed,0.0,connected,2026-10-08T13:09:53,2026-10-10T21:26:24,2026-10-10T19:26:54,2026-10-10T21:25:59,2026-10-10T21:25:59,on,2026-10-08T13:09:53,color,2026-10-08T13:22:29,2026-10-10T21:25:59,
Dover 2 - Princeton Ave,online,gifs/Dover_2_-_Princeton_Ave.gif,Dover,40.8879,-74.5561,40.889247,-74.570006,Dover 2 - Princeton Ave,2026-10-08T13:10:36,1 min interval / Clear / Photo / 12:00 a.m. - 11:59 p.m. / no end time,100,assumed,0.0,connected,2026-10-08T13:10:36,2026-10-10T21:26:55,2026-10-10T19:28:27,2026-10-10T21:26:30,2026-10-10T21:26:30,on,2026-10-08T13:10:36,color,2026-10-08T13:22:56,2026-10-10T21:26:30,
Dover 3 - Morris Street,online,gifs/Dover_3_-_Morris_Street.gif,Dover,40.8879,-74.5561,40.885072,-74.5575,Dover 3 - Morris Street,2026-10-08T13:11:13,1 min interval / Clear / Photo / 12:00 a.m. - 11:59 p.m. / no end time,46,no,0.0,connected,2026-10-08T13:11:13,2026-10-10T21:27:19,2026-10-10T19:29:55,2026-10-10T17:28:29,2026-10-10T21:26:55,on,2026-10-08T13:11:13,color,2026-10-08T13:23:18,2026-10-10T21:26:55,
Dover 4 - E Mcfarlan,online,gifs/Dover_4_-_E_Mcfarlan.gif,Dover,40.8879,-74.5561,40.885431,-74.546858,Dover 4 - E Mcfarlan,2026-10-08T13:11:48,1 min interval / Clear / Photo / 12:00 a.m. - 11:59 p.m. / no end time,100,assumed,0.0,connected,2026-10-08T13:11:48,2026-10-10T21:27:43,2026-10-10T19:31:22,2026-10-10T21:27:19,2026-10-10T21:27:19,on,2026-10-08T13:11:48,color,2026-10-08T13:23:39,2026-10-10T21:27:19,
Dover 5 - River St,online,gifs/Dover_5_-_River_St.gif,Dover,40.8879,-74.5561,40.889247,-74.570006,Dover 5 - River St,2026-10-08T13:12:27,1 min interval / Clear / Photo / 12:00 a.m. - 11:59 p.m. / no end time,100,assumed,0.0,connected,2026-10-08T13:12:27,2026-10-10T21:28:07,2026-10-10T19:32:49,2026-10-10T21:27:44,2026-10-10T21:27:44,on,2026-10-08T13:12:27,color,2026-10-08T13:24:01,2026-10-10T21:27:44,
Ridgewood 1 - Irving Street,online,gifs/Ridgewood_1_-_Irving_Street.gif,Ridgewood,40.981700,-74.116300,40.978108,-74.108528,Ridgewood 1 - Irving Street,2026-10-08T13:13:04,1 min interval / Clear / Photo / 12:00 a.m. - 11:59 p.m. / no end time,100,assumed,0.0,connected,2026-10-08T13:13:04,2026-10-10T21:28:30,2026-10-10T19:34:16,2026-10-10T21:28:07,2026-10-10T21:28:07,on,2026-10-08T13:13:04,color,2026-10-08T13:24:23,2026-10-10T21:28:07,
Ridgewood 2 - Ridgewood Ave,online,gifs/Ridgewood_2_-_Ridgewood_Ave.gif,Ridgewood,40.981700,-74.116300,40.977361,-74.108208,Ridgewood 2 - Ridgewood Ave,2026-10-08T13:13:40,1 min interval / Clear / Photo / 12:00 a.m. - 11:59 p.m. / no end time,100,assumed,0.0,connected,2026-10-08T13:13:40,2026-10-10T21:28:55,2026-10-10T19:35:43,2026-10-10T21:28:31,2026-10-10T21:28:31,on,2026-10-08T13:13:40,color,2026-10-08T13:24:45,2026-10-10T21:28:31,
Ridgewood 3 - Graydon Park,online,gifs/Ridgewood_3_-_Graydon_Park.gif,Ridgewood,40.981700,-74.116300,40.985581,-74.11115,Ridgewood 3 - Graydon Park,2026-10-08T13:14:18,1 min interval / Clear / Photo / 12:00 a.m. - 11:59 p.m. / no end time,8,no,0.0,connected,2026-10-08T13:14:18,2026-10-10T21:29:20,2026-10-10T19:37:11,2026-10-10T17:30:35,2026-10-10T21:28:55,on,2026-10-08T13:14:18,color,2026-10-08T13:25:07,2026-10-10T21:28:55,battery
Ridgewood 4 - Irving St Bridge,online,gifs/Ridgewood_4-Irving_St_Bridge.gif,Ridgewood,40.981700,-74.116300,40.980522,-74.107436,Ridgewood 4-Irving St Bridge,2026-10-08T13:14:56,1 min interval / Clear / Photo / 12:00 a.m. - 11:59 p.m. / no end time,100,assumed,0.0,connected,2026-10-08T13:14:56,2026-10-10T21:29:45,2026-10-10T19:38:38,2026-10-10T21:29:20,2026-10-10T21:29:20,on,2026-10-08T13:14:56,color,2026-10-08T13:25:28,2026-10-10T21:29:20,
Ridgewood 5 - Kingsbridge,online,gifs/Ridgewood_5_-_Kingsbridge.gif,Ridgewood,40.981700,-74.116300,40.987558,-74.0883,Ridgewood 5 - Kingsbridge,2026-10-08T13:15:33,1 min interval / Clear / Photo / 12:00 a.m. - 11:59 p.m. / no end time,13,no,0.0,connected,2026-10-10T15:29:52,2026-10-10T21:30:40,2026-10-10T19:40:06,2026-10-10T17:31:24,2026-10-10T21:29:45,on,2026-10-08T13:15:33,color,2026-10-08T13:25:49,2026-10-10T21:29:45,battery
